account_id,customer_id,branch,balance,status
A00001,C0507,Chennai Main,907004.65,Dormant
A00002,C0612,Bangalore Indiranagar,405194.3,Active
A00003,C0904,Chennai Main,736995.36,Dormant
A00004,C0864,Bangalore Indiranagar,583440.68,Active
A00005,C0670,Chennai Main,994758.98,Active
A00006,C0689,Mumbai BKC,816198.69,Active
A00007,C0482,Hyderabad SecBad,343823.88,Dormant
A00008,C0293,Delhi Connaught,713655.92,Active
A00009,C0550,Hyderabad SecBad,686631.79,Dormant
A00010,C0009,Hyderabad SecBad,638675.28,Active
A00011,C0868,Delhi Connaught,476259.47,Active
A00012,C0111,Hyderabad SecBad,940727.29,Dormant
A00013,C0442,Mumbai BKC,359138.63,Active
A00014,C0138,Bangalore Indiranagar,300894.63,Active
A00015,C0904,Delhi Connaught,170816.68,Active
A00016,C0271,Bangalore Indiranagar,657957.07,Dormant
A00017,C0745,Chennai Main,558689.8,Active
A00018,C0375,Mumbai BKC,294490.27,Dormant
A00019,C0783,Bangalore Indiranagar,471310.09,Dormant
A00020,C0413,Bangalore Indiranagar,741177.97,Dormant
A00021,C0375,Delhi Connaught,725461.45,Active
A00022,C0047,Chennai Main,559472.62,Active
A00023,C0411,Delhi Connaught,912712.14,Dormant
A00024,C0053,Chennai Main,946976.46,Dormant
A00025,C0584,Delhi Connaught,899691.57,Active
A00026,C0576,Bangalore Indiranagar,654780.21,Dormant
A00027,C0200,Bangalore Indiranagar,223031.26,Active
A00028,C0372,Mumbai BKC,224104.6,Dormant
A00029,C0567,Bangalore Indiranagar,871560.8,Dormant
A00030,C0296,Hyderabad SecBad,421052.1,Dormant
A00031,C0076,Bangalore Indiranagar,886956.71,Dormant
A00032,C0396,Hyderabad SecBad,372310.75,Active
A00033,C0517,Bangalore Indiranagar,585985.12,Active
A00034,C0462,Hyderabad SecBad,464296.87,Dormant
A00035,C0783,Hyderabad SecBad,118663.69,Dormant
A00036,C0564,Bangalore Indiranagar,54623.28,Dormant
A00037,C0287,Hyderabad SecBad,634762.35,Dormant
A00038,C0846,Mumbai BKC,580732.8,Active
A00039,C0639,Chennai Main,621034.04,Active
A00040,C0697,Hyderabad SecBad,472747.46,Active
A00041,C0626,Hyderabad SecBad,195349.26,Dormant
A00042,C0122,Mumbai BKC,120696.12,Dormant
A00043,C0132,Mumbai BKC,681017.07,Dormant
A00044,C0999,Delhi Connaught,530308.67,Dormant
A00045,C0100,Chennai Main,413694.15,Dormant
A00046,C0404,Delhi Connaught,870978.3,Active
A00047,C0383,Hyderabad SecBad,151627.67,Dormant
A00048,C0814,Mumbai BKC,992355.51,Active
A00049,C0348,Hyderabad SecBad,343327.22,Active
A00050,C0572,Bangalore Indiranagar,987204.41,Dormant
A00051,C0962,Chennai Main,892952.28,Active
A00052,C0375,Bangalore Indiranagar,986662.61,Dormant
A00053,C0774,Mumbai BKC,144080.93,Active
A00054,C0148,Mumbai BKC,862531.55,Dormant
A00055,C0204,Mumbai BKC,181176.41,Active
A00056,C0617,Chennai Main,81730.66,Dormant
A00057,C0522,Delhi Connaught,333296.82,Active
A00058,C0412,Hyderabad SecBad,986653.73,Dormant
A00059,C0513,Hyderabad SecBad,314100.66,Dormant
A00060,C0042,Hyderabad SecBad,58955.57,Dormant
A00061,C0047,Hyderabad SecBad,452601.18,Dormant
A00062,C0040,Hyderabad SecBad,210172.99,Active
A00063,C0141,Delhi Connaught,773768.73,Active
A00064,C0731,Bangalore Indiranagar,576702.64,Active
A00065,C0342,Chennai Main,159276.68,Active
A00066,C0824,Bangalore Indiranagar,785425.69,Active
A00067,C0486,Bangalore Indiranagar,779972.7,Active
A00068,C0532,Hyderabad SecBad,130276.55,Active
A00069,C0468,Hyderabad SecBad,434277.7,Active
A00070,C0153,Delhi Connaught,429980.31,Active
A00071,C0621,Chennai Main,429596.42,Dormant
A00072,C0915,Mumbai BKC,477922.88,Active
A00073,C0528,Bangalore Indiranagar,5664.47,Active
A00074,C0144,Mumbai BKC,534248.82,Active
A00075,C0336,Chennai Main,730928.41,Dormant
A00076,C0954,Bangalore Indiranagar,950118.55,Dormant
A00077,C0628,Mumbai BKC,892114.39,Dormant
A00078,C0327,Mumbai BKC,757090.89,Active
A00079,C0167,Delhi Connaught,531502.75,Dormant
A00080,C0403,Chennai Main,18898.21,Active
A00081,C0632,Chennai Main,5119.71,Active
A00082,C0758,Chennai Main,733869.64,Active
A00083,C0863,Bangalore Indiranagar,227039.45,Active
A00084,C0307,Delhi Connaught,877108.15,Dormant
A00085,C0608,Hyderabad SecBad,312780.17,Active
A00086,C0345,Bangalore Indiranagar,103605.52,Dormant
A00087,C0520,Chennai Main,503833.14,Active
A00088,C0849,Bangalore Indiranagar,306808.98,Dormant
A00089,C0522,Mumbai BKC,66221.74,Dormant
A00090,C0546,Bangalore Indiranagar,46672.63,Dormant
A00091,C0502,Bangalore Indiranagar,948514.91,Active
A00092,C0726,Chennai Main,456470.39,Dormant
A00093,C0577,Mumbai BKC,520768.12,Active
A00094,C0307,Chennai Main,524593.53,Active
A00095,C0487,Mumbai BKC,434231.56,Dormant
A00096,C0836,Mumbai BKC,687093.37,Active
A00097,C0018,Mumbai BKC,134655.64,Active
A00098,C0378,Chennai Main,996142.78,Active
A00099,C0340,Mumbai BKC,490688.51,Active
A00100,C0690,Delhi Connaught,750365.47,Active
A00101,C0113,Delhi Connaught,165718.63,Dormant
A00102,C0427,Hyderabad SecBad,906987.34,Active
A00103,C0598,Delhi Connaught,812196.31,Active
A00104,C0316,Hyderabad SecBad,20105.61,Active
A00105,C0816,Delhi Connaught,225097.04,Active
A00106,C0921,Chennai Main,984894.64,Dormant
A00107,C0743,Hyderabad SecBad,211979.04,Active
A00108,C0894,Bangalore Indiranagar,22891.36,Dormant
A00109,C0705,Bangalore Indiranagar,505128.92,Dormant
A00110,C0645,Delhi Connaught,124038.82,Dormant
A00111,C0028,Bangalore Indiranagar,711398.98,Active
A00112,C0612,Delhi Connaught,792335.03,Active
A00113,C0486,Delhi Connaught,375817.24,Active
A00114,C0272,Bangalore Indiranagar,640680.76,Dormant
A00115,C0991,Bangalore Indiranagar,771478.41,Dormant
A00116,C0672,Mumbai BKC,623511.64,Active
A00117,C0802,Hyderabad SecBad,594330.14,Dormant
A00118,C0996,Delhi Connaught,48912.42,Dormant
A00119,C0795,Bangalore Indiranagar,109005.34,Dormant
A00120,C0593,Hyderabad SecBad,836283.89,Dormant
A00121,C0592,Bangalore Indiranagar,49186.82,Dormant
A00122,C0234,Bangalore Indiranagar,116674.04,Dormant
A00123,C0739,Mumbai BKC,444869.97,Dormant
A00124,C0053,Delhi Connaught,124471.47,Dormant
A00125,C0598,Delhi Connaught,253485.55,Active
A00126,C0492,Chennai Main,702166.35,Active
A00127,C0175,Mumbai BKC,206289.42,Dormant
A00128,C0537,Hyderabad SecBad,686054.29,Dormant
A00129,C0645,Mumbai BKC,10295.24,Dormant
A00130,C0739,Hyderabad SecBad,421450.58,Dormant
A00131,C0635,Delhi Connaught,101878.87,Dormant
A00132,C0794,Chennai Main,520788.92,Dormant
A00133,C0862,Chennai Main,623174.98,Active
A00134,C0390,Delhi Connaught,701025.62,Active
A00135,C0152,Bangalore Indiranagar,419406.93,Dormant
A00136,C0842,Mumbai BKC,898723.3,Active
A00137,C0698,Chennai Main,512073.2,Active
A00138,C0249,Bangalore Indiranagar,618080.26,Dormant
A00139,C0033,Hyderabad SecBad,283424.06,Active
A00140,C0587,Chennai Main,784975.31,Dormant
A00141,C0971,Hyderabad SecBad,498241.32,Active
A00142,C0718,Bangalore Indiranagar,609392.81,Active
A00143,C0113,Hyderabad SecBad,778180.96,Dormant
A00144,C0196,Bangalore Indiranagar,831667.32,Active
A00145,C0020,Hyderabad SecBad,973146.6,Dormant
A00146,C0452,Mumbai BKC,358563.91,Active
A00147,C0322,Chennai Main,410346.47,Active
A00148,C0429,Chennai Main,161213.23,Active
A00149,C0156,Bangalore Indiranagar,548590.62,Dormant
A00150,C0423,Hyderabad SecBad,910446.27,Dormant
A00151,C0708,Delhi Connaught,688515.71,Active
A00152,C0209,Chennai Main,481183.28,Active
A00153,C0421,Hyderabad SecBad,235270.76,Dormant
A00154,C0514,Hyderabad SecBad,13736.65,Dormant
A00155,C0794,Mumbai BKC,89913.84,Active
A00156,C0627,Delhi Connaught,111320.49,Active
A00157,C0943,Chennai Main,574578.61,Dormant
A00158,C0483,Mumbai BKC,494609.92,Dormant
A00159,C0894,Delhi Connaught,949496.57,Active
A00160,C0869,Chennai Main,779746.7,Dormant
A00161,C0754,Mumbai BKC,75973.17,Active
A00162,C0745,Delhi Connaught,723852.67,Active
A00163,C0064,Chennai Main,904874.6,Dormant
A00164,C0723,Delhi Connaught,644692.45,Dormant
A00165,C0142,Hyderabad SecBad,457294.48,Active
A00166,C0532,Bangalore Indiranagar,977313.66,Dormant
A00167,C0213,Bangalore Indiranagar,264860.9,Active
A00168,C0575,Hyderabad SecBad,51030.12,Dormant
A00169,C0333,Delhi Connaught,813365.24,Active
A00170,C0679,Hyderabad SecBad,874266.31,Dormant
A00171,C0490,Bangalore Indiranagar,852396.44,Active
A00172,C0539,Bangalore Indiranagar,360854.45,Active
A00173,C0386,Delhi Connaught,677089.77,Dormant
A00174,C0322,Bangalore Indiranagar,426569.21,Dormant
A00175,C0980,Hyderabad SecBad,116785.15,Dormant
A00176,C0178,Delhi Connaught,851394.65,Dormant
A00177,C0471,Hyderabad SecBad,890401.72,Active
A00178,C0935,Delhi Connaught,10662.66,Active
A00179,C0546,Bangalore Indiranagar,139256.05,Active
A00180,C0351,Chennai Main,647551.43,Dormant
A00181,C0560,Delhi Connaught,329332.17,Active
A00182,C0363,Delhi Connaught,894633.09,Dormant
A00183,C0693,Chennai Main,955134.07,Active
A00184,C0791,Bangalore Indiranagar,269041.09,Dormant
A00185,C0889,Hyderabad SecBad,733334.88,Active
A00186,C0739,Mumbai BKC,373249.53,Dormant
A00187,C0698,Chennai Main,343380,Active
A00188,C0659,Mumbai BKC,114718.17,Active
A00189,C0823,Bangalore Indiranagar,400849.98,Active
A00190,C0710,Delhi Connaught,457082.15,Dormant
A00191,C0271,Delhi Connaught,835872.64,Dormant
A00192,C0625,Bangalore Indiranagar,690212.53,Active
A00193,C0496,Hyderabad SecBad,478766.77,Active
A00194,C0197,Hyderabad SecBad,422318.08,Dormant
A00195,C0981,Bangalore Indiranagar,886237.76,Dormant
A00196,C0253,Bangalore Indiranagar,167611.95,Dormant
A00197,C0286,Bangalore Indiranagar,133379.06,Active
A00198,C0572,Bangalore Indiranagar,726684.7,Active
A00199,C0306,Bangalore Indiranagar,981587.6,Dormant
A00200,C0231,Bangalore Indiranagar,844505.5,Active
A00201,C0965,Delhi Connaught,104609.39,Dormant
A00202,C0997,Mumbai BKC,911315.53,Active
A00203,C0305,Hyderabad SecBad,483192.18,Dormant
A00204,C0790,Mumbai BKC,569374.49,Dormant
A00205,C0296,Delhi Connaught,438724.64,Active
A00206,C0722,Chennai Main,611711.84,Dormant
A00207,C0213,Mumbai BKC,779385.13,Dormant
A00208,C0707,Chennai Main,611747.06,Active
A00209,C0722,Delhi Connaught,862713.2,Active
A00210,C0501,Hyderabad SecBad,880070.3,Dormant
A00211,C0325,Chennai Main,727551.36,Active
A00212,C0492,Delhi Connaught,891871.04,Dormant
A00213,C0358,Bangalore Indiranagar,483596.58,Dormant
A00214,C0574,Hyderabad SecBad,488634.65,Active
A00215,C0957,Bangalore Indiranagar,887706.33,Active
A00216,C0957,Hyderabad SecBad,441247.19,Active
A00217,C0815,Hyderabad SecBad,64272.71,Active
A00218,C0739,Mumbai BKC,655318.6,Dormant
A00219,C0281,Hyderabad SecBad,13347.85,Dormant
A00220,C0295,Mumbai BKC,868463.94,Dormant
A00221,C0125,Chennai Main,525293.09,Active
A00222,C0588,Hyderabad SecBad,743880.19,Active
A00223,C0693,Chennai Main,724049.77,Dormant
A00224,C0557,Hyderabad SecBad,224760.93,Dormant
A00225,C0389,Mumbai BKC,955805.67,Dormant
A00226,C0918,Bangalore Indiranagar,873270.42,Dormant
A00227,C0405,Hyderabad SecBad,519580.58,Active
A00228,C0839,Delhi Connaught,688553.4,Dormant
A00229,C0354,Bangalore Indiranagar,618620.78,Dormant
A00230,C0978,Mumbai BKC,433415.06,Active
A00231,C0792,Delhi Connaught,726925.32,Dormant
A00232,C0824,Chennai Main,482447.75,Active
A00233,C0150,Mumbai BKC,664046.93,Dormant
A00234,C0298,Bangalore Indiranagar,641763.05,Dormant
A00235,C0044,Chennai Main,149505.8,Active
A00236,C0295,Chennai Main,826611.38,Dormant
A00237,C0979,Mumbai BKC,892169.82,Active
A00238,C0732,Bangalore Indiranagar,613301.1,Active
A00239,C0081,Mumbai BKC,12633.22,Active
A00240,C0355,Delhi Connaught,934437.05,Dormant
A00241,C0947,Delhi Connaught,506062,Active
A00242,C0453,Hyderabad SecBad,469819.65,Active
A00243,C0672,Chennai Main,496339.1,Active
A00244,C0263,Hyderabad SecBad,166238.47,Active
A00245,C0766,Bangalore Indiranagar,751678.57,Active
A00246,C0491,Delhi Connaught,321313.18,Active
A00247,C0220,Hyderabad SecBad,331563.95,Dormant
A00248,C0207,Delhi Connaught,278878.97,Active
A00249,C0848,Delhi Connaught,507422.4,Dormant
A00250,C0552,Delhi Connaught,550945.07,Active
A00251,C0278,Mumbai BKC,379258.95,Dormant
A00252,C0956,Hyderabad SecBad,817286.2,Dormant
A00253,C0576,Chennai Main,79751.77,Dormant
A00254,C0713,Hyderabad SecBad,444744.69,Active
A00255,C0279,Chennai Main,573461.9,Dormant
A00256,C0141,Hyderabad SecBad,88931.84,Active
A00257,C0112,Hyderabad SecBad,498957.69,Active
A00258,C0631,Delhi Connaught,316745.47,Active
A00259,C0759,Chennai Main,980690.07,Dormant
A00260,C0601,Chennai Main,745493.73,Dormant
A00261,C0246,Chennai Main,18751.36,Active
A00262,C0249,Hyderabad SecBad,404036.22,Active
A00263,C0052,Chennai Main,36796.1,Dormant
A00264,C0686,Hyderabad SecBad,549549.69,Active
A00265,C0927,Mumbai BKC,826082.85,Dormant
A00266,C0544,Delhi Connaught,791991.5,Active
A00267,C0232,Bangalore Indiranagar,963208.08,Active
A00268,C0654,Mumbai BKC,637900.58,Dormant
A00269,C0239,Chennai Main,890220.79,Active
A00270,C0054,Delhi Connaught,562770.24,Dormant
A00271,C0103,Delhi Connaught,654941.39,Active
A00272,C0424,Delhi Connaught,456751.72,Dormant
A00273,C0339,Delhi Connaught,341513.35,Active
A00274,C0735,Chennai Main,825485.68,Active
A00275,C0484,Delhi Connaught,816772.1,Dormant
A00276,C0103,Bangalore Indiranagar,844473.12,Dormant
A00277,C0698,Bangalore Indiranagar,332640.65,Dormant
A00278,C0790,Delhi Connaught,767648.98,Active
A00279,C0141,Hyderabad SecBad,600351.2,Active
A00280,C0006,Chennai Main,716941.41,Dormant
A00281,C0988,Bangalore Indiranagar,363931.25,Dormant
A00282,C0564,Bangalore Indiranagar,453079.92,Active
A00283,C0952,Bangalore Indiranagar,98339.59,Dormant
A00284,C0162,Mumbai BKC,659251.34,Active
A00285,C0417,Mumbai BKC,3194.75,Dormant
A00286,C0669,Bangalore Indiranagar,355783.84,Dormant
A00287,C0958,Hyderabad SecBad,634027.52,Active
A00288,C0902,Chennai Main,800112.8,Active
A00289,C0900,Chennai Main,548142.89,Active
A00290,C0488,Bangalore Indiranagar,374516.47,Dormant
A00291,C0489,Bangalore Indiranagar,107215.91,Active
A00292,C0667,Chennai Main,896980.24,Active
A00293,C0205,Hyderabad SecBad,492929.72,Active
A00294,C0775,Mumbai BKC,822016.82,Dormant
A00295,C0988,Mumbai BKC,742768.38,Dormant
A00296,C0295,Bangalore Indiranagar,409801.55,Dormant
A00297,C0329,Chennai Main,255035.02,Dormant
A00298,C0293,Mumbai BKC,196725.55,Active
A00299,C0662,Hyderabad SecBad,121625.06,Active
A00300,C0061,Bangalore Indiranagar,852342.18,Dormant
A00301,C0930,Delhi Connaught,216373.91,Dormant
A00302,C0788,Bangalore Indiranagar,824729.59,Dormant
A00303,C0092,Delhi Connaught,191388.19,Dormant
A00304,C0668,Bangalore Indiranagar,338595.62,Active
A00305,C0588,Chennai Main,757392.19,Dormant
A00306,C0238,Chennai Main,47453.86,Active
A00307,C0548,Chennai Main,633607.23,Dormant
A00308,C0757,Chennai Main,672469.63,Dormant
A00309,C0741,Hyderabad SecBad,124095.97,Active
A00310,C0871,Hyderabad SecBad,891862.6,Dormant
A00311,C0960,Delhi Connaught,457930.49,Active
A00312,C0039,Hyderabad SecBad,589726.85,Active
A00313,C0936,Bangalore Indiranagar,504693.38,Dormant
A00314,C0944,Chennai Main,963890.9,Dormant
A00315,C0180,Mumbai BKC,5333.29,Active
A00316,C0428,Mumbai BKC,736477.72,Active
A00317,C0904,Mumbai BKC,553673.1,Dormant
A00318,C0858,Bangalore Indiranagar,433377.57,Active
A00319,C0181,Mumbai BKC,585535.59,Dormant
A00320,C0957,Mumbai BKC,924446.5,Active
A00321,C0942,Delhi Connaught,781300.42,Active
A00322,C0038,Bangalore Indiranagar,910271.3,Dormant
A00323,C0857,Bangalore Indiranagar,692125.89,Dormant
A00324,C0407,Mumbai BKC,174476.62,Dormant
A00325,C0807,Bangalore Indiranagar,815428.91,Dormant
A00326,C0508,Delhi Connaught,104450.41,Active
A00327,C0191,Delhi Connaught,657864.29,Active
A00328,C0960,Chennai Main,606554.61,Active
A00329,C0767,Delhi Connaught,322521.92,Active
A00330,C0986,Chennai Main,881509.18,Active
A00331,C0894,Mumbai BKC,419246.08,Dormant
A00332,C0949,Chennai Main,609384.7,Active
A00333,C0297,Chennai Main,692823.02,Dormant
A00334,C0898,Mumbai BKC,248990.55,Active
A00335,C0039,Chennai Main,398472.13,Active
A00336,C0010,Delhi Connaught,343515.95,Dormant
A00337,C0306,Mumbai BKC,294879.37,Active
A00338,C0582,Bangalore Indiranagar,804992.03,Active
A00339,C0618,Chennai Main,139041.83,Active
A00340,C0110,Delhi Connaught,602921.93,Dormant
A00341,C0951,Bangalore Indiranagar,886550.42,Active
A00342,C0344,Mumbai BKC,512782.33,Active
A00343,C0292,Mumbai BKC,843231.36,Dormant
A00344,C0466,Mumbai BKC,548258.17,Dormant
A00345,C0657,Delhi Connaught,314596.88,Dormant
A00346,C0557,Bangalore Indiranagar,737081.83,Dormant
A00347,C0537,Mumbai BKC,554027.98,Dormant
A00348,C0506,Delhi Connaught,218125.21,Dormant
A00349,C0911,Hyderabad SecBad,210502.98,Active
A00350,C0962,Delhi Connaught,714670.15,Active
A00351,C0138,Hyderabad SecBad,686924.69,Active
A00352,C0872,Bangalore Indiranagar,921270.57,Active
A00353,C0517,Mumbai BKC,133539.06,Active
A00354,C0480,Mumbai BKC,710686.05,Active
A00355,C0280,Chennai Main,975204.31,Dormant
A00356,C0198,Mumbai BKC,178634.89,Active
A00357,C0829,Bangalore Indiranagar,542948.99,Active
A00358,C0116,Delhi Connaught,637240.56,Active
A00359,C0339,Bangalore Indiranagar,710642.37,Active
A00360,C0167,Mumbai BKC,761014.25,Dormant
A00361,C0749,Delhi Connaught,562717.93,Active
A00362,C0470,Bangalore Indiranagar,583223.46,Dormant
A00363,C0664,Mumbai BKC,942730.98,Active
A00364,C0264,Mumbai BKC,710413.51,Dormant
A00365,C0736,Mumbai BKC,674569.24,Dormant
A00366,C0191,Chennai Main,893972.14,Active
A00367,C0015,Chennai Main,534368.9,Dormant
A00368,C0755,Chennai Main,877599.76,Dormant
A00369,C0346,Delhi Connaught,422963.98,Dormant
A00370,C0810,Bangalore Indiranagar,13757.74,Active
A00371,C0303,Delhi Connaught,107364,Active
A00372,C0582,Delhi Connaught,381489.44,Active
A00373,C0691,Mumbai BKC,54011.93,Active
A00374,C0776,Hyderabad SecBad,57548.17,Active
A00375,C0198,Hyderabad SecBad,267711.29,Dormant
A00376,C0180,Mumbai BKC,785746.66,Active
A00377,C0626,Hyderabad SecBad,983548.86,Dormant
A00378,C0877,Delhi Connaught,683706.94,Dormant
A00379,C0655,Bangalore Indiranagar,147281.96,Active
A00380,C0919,Chennai Main,62970.79,Active
A00381,C0416,Delhi Connaught,784573.04,Active
A00382,C0847,Delhi Connaught,204796.9,Active
A00383,C0438,Bangalore Indiranagar,541630.92,Active
A00384,C0528,Hyderabad SecBad,359323.75,Dormant
A00385,C0336,Bangalore Indiranagar,453141.91,Dormant
A00386,C0089,Delhi Connaught,616492.72,Dormant
A00387,C0411,Mumbai BKC,675850.49,Dormant
A00388,C0686,Mumbai BKC,562323.1,Active
A00389,C0098,Delhi Connaught,225083.08,Dormant
A00390,C0190,Mumbai BKC,647472.32,Dormant
A00391,C0144,Hyderabad SecBad,389497.78,Active
A00392,C0489,Bangalore Indiranagar,511411.38,Dormant
A00393,C0332,Chennai Main,797036.81,Dormant
A00394,C0959,Bangalore Indiranagar,696432.37,Dormant
A00395,C0255,Chennai Main,693243.14,Active
A00396,C0007,Delhi Connaught,47932.9,Active
A00397,C0268,Delhi Connaught,382201.05,Dormant
A00398,C0393,Chennai Main,417149.67,Dormant
A00399,C0242,Mumbai BKC,788323.42,Active
A00400,C0458,Delhi Connaught,685463.61,Active
A00401,C0772,Hyderabad SecBad,965867.38,Dormant
A00402,C0274,Hyderabad SecBad,54748.39,Active
A00403,C0977,Hyderabad SecBad,743926.3,Dormant
A00404,C0338,Hyderabad SecBad,203884.14,Active
A00405,C0310,Chennai Main,868981.11,Active
A00406,C0597,Mumbai BKC,860584.29,Dormant
A00407,C0741,Chennai Main,443620.79,Dormant
A00408,C0587,Delhi Connaught,226322.95,Dormant
A00409,C0012,Hyderabad SecBad,634154.71,Dormant
A00410,C0268,Hyderabad SecBad,709835.91,Dormant
A00411,C0670,Hyderabad SecBad,368373.38,Dormant
A00412,C0369,Delhi Connaught,588796.95,Active
A00413,C0710,Bangalore Indiranagar,738711.58,Dormant
A00414,C0242,Chennai Main,197272.61,Dormant
A00415,C0064,Mumbai BKC,725189.61,Active
A00416,C0684,Delhi Connaught,194304.21,Active
A00417,C0122,Bangalore Indiranagar,449366.11,Dormant
A00418,C0477,Bangalore Indiranagar,983469.87,Dormant
A00419,C0315,Mumbai BKC,75394.53,Active
A00420,C0164,Delhi Connaught,962512.77,Active
A00421,C0416,Bangalore Indiranagar,735344.41,Active
A00422,C0703,Hyderabad SecBad,120234.46,Active
A00423,C0515,Mumbai BKC,41593.6,Dormant
A00424,C0946,Hyderabad SecBad,279833.13,Dormant
A00425,C0917,Mumbai BKC,264975.36,Dormant
A00426,C0910,Chennai Main,161767.92,Dormant
A00427,C0721,Chennai Main,846168.18,Active
A00428,C0789,Delhi Connaught,6639.49,Active
A00429,C0319,Bangalore Indiranagar,466865.01,Dormant
A00430,C0707,Hyderabad SecBad,937556.96,Active
A00431,C0121,Bangalore Indiranagar,40900.65,Dormant
A00432,C0655,Chennai Main,928699.61,Active
A00433,C0939,Hyderabad SecBad,597283.45,Dormant
A00434,C0964,Delhi Connaught,773887.29,Dormant
A00435,C0303,Bangalore Indiranagar,625741.3,Active
A00436,C0377,Mumbai BKC,843296.84,Active
A00437,C0630,Mumbai BKC,301853.66,Active
A00438,C0227,Hyderabad SecBad,790118.27,Active
A00439,C0225,Mumbai BKC,550610.02,Dormant
A00440,C0981,Mumbai BKC,73807.91,Dormant
A00441,C0137,Chennai Main,707973.88,Active
A00442,C0490,Delhi Connaught,525869.67,Dormant
A00443,C0157,Mumbai BKC,957030.73,Active
A00444,C0466,Mumbai BKC,521085.68,Dormant
A00445,C0766,Bangalore Indiranagar,786471.98,Dormant
A00446,C0621,Hyderabad SecBad,160211.12,Active
A00447,C0383,Chennai Main,543537.07,Active
A00448,C0426,Hyderabad SecBad,404013.65,Dormant
A00449,C0719,Bangalore Indiranagar,350053.55,Active
A00450,C0563,Bangalore Indiranagar,883513.34,Active
A00451,C0935,Bangalore Indiranagar,663671.14,Active
A00452,C0483,Mumbai BKC,331735.47,Active
A00453,C0776,Hyderabad SecBad,294280.78,Active
A00454,C0551,Hyderabad SecBad,950357.97,Dormant
A00455,C0822,Hyderabad SecBad,618662.32,Dormant
A00456,C0681,Delhi Connaught,475382.33,Dormant
A00457,C0846,Chennai Main,561773.35,Dormant
A00458,C0224,Mumbai BKC,752381.62,Dormant
A00459,C0781,Chennai Main,649650.81,Active
A00460,C0254,Mumbai BKC,115607.23,Active
A00461,C0697,Hyderabad SecBad,346661.28,Active
A00462,C0773,Delhi Connaught,241107.53,Active
A00463,C0611,Delhi Connaught,642622.09,Active
A00464,C0895,Hyderabad SecBad,918688.69,Dormant
A00465,C0807,Chennai Main,244583.34,Active
A00466,C0084,Bangalore Indiranagar,40837.37,Dormant
A00467,C0539,Hyderabad SecBad,885774.5,Dormant
A00468,C0458,Mumbai BKC,381991.24,Dormant
A00469,C0541,Chennai Main,796410.38,Active
A00470,C0721,Bangalore Indiranagar,114260.65,Dormant
A00471,C0371,Delhi Connaught,257333.97,Active
A00472,C0080,Mumbai BKC,724251.63,Active
A00473,C0940,Delhi Connaught,25681.02,Dormant
A00474,C0578,Mumbai BKC,517350.95,Dormant
A00475,C0115,Bangalore Indiranagar,770723.83,Dormant
A00476,C0064,Mumbai BKC,514794.75,Dormant
A00477,C0849,Bangalore Indiranagar,509226.86,Active
A00478,C0561,Hyderabad SecBad,487317.9,Active
A00479,C0925,Hyderabad SecBad,297137.54,Active
A00480,C0518,Mumbai BKC,651876.67,Dormant
A00481,C0208,Chennai Main,320992.44,Active
A00482,C0587,Delhi Connaught,83263.1,Active
A00483,C0550,Mumbai BKC,96860.47,Active
A00484,C0154,Mumbai BKC,971657.14,Active
A00485,C0169,Delhi Connaught,773545.2,Active
A00486,C0336,Mumbai BKC,533672.62,Dormant
A00487,C0875,Delhi Connaught,627306.14,Active
A00488,C0533,Bangalore Indiranagar,211570.69,Active
A00489,C0453,Chennai Main,629884.97,Active
A00490,C0120,Hyderabad SecBad,213961.96,Dormant
A00491,C0697,Hyderabad SecBad,685719.78,Dormant
A00492,C0211,Chennai Main,835829.41,Active
A00493,C0735,Delhi Connaught,206373.99,Active
A00494,C0598,Chennai Main,828919.92,Active
A00495,C0501,Delhi Connaught,878758.59,Dormant
A00496,C0094,Chennai Main,741633.66,Active
A00497,C0921,Mumbai BKC,435802.52,Active
A00498,C0523,Mumbai BKC,816937.59,Dormant
A00499,C0457,Chennai Main,73048.37,Active
A00500,C0829,Bangalore Indiranagar,686357.5,Dormant
A00501,C0057,Chennai Main,24729.19,Dormant
A00502,C0465,Hyderabad SecBad,717151.42,Active
A00503,C0136,Mumbai BKC,38848.43,Active
A00504,C0526,Chennai Main,74174.78,Dormant
A00505,C0426,Hyderabad SecBad,178814.17,Dormant
A00506,C0468,Mumbai BKC,252656.09,Dormant
A00507,C0578,Bangalore Indiranagar,71371.65,Dormant
A00508,C0060,Bangalore Indiranagar,821797.7,Active
A00509,C0573,Hyderabad SecBad,911075.59,Dormant
A00510,C0474,Chennai Main,408225.15,Active
A00511,C0689,Mumbai BKC,451674.54,Dormant
A00512,C0827,Bangalore Indiranagar,405043.57,Dormant
A00513,C0316,Hyderabad SecBad,317087.84,Active
A00514,C0741,Delhi Connaught,390112.37,Active
A00515,C0023,Chennai Main,119187.46,Dormant
A00516,C0406,Delhi Connaught,6893.03,Dormant
A00517,C0261,Chennai Main,720565.4,Dormant
A00518,C0837,Mumbai BKC,64174.35,Active
A00519,C0004,Hyderabad SecBad,746205.08,Active
A00520,C0764,Mumbai BKC,46471.34,Active
A00521,C0224,Delhi Connaught,848402.99,Active
A00522,C0593,Hyderabad SecBad,358342.44,Active
A00523,C0075,Mumbai BKC,503334.11,Dormant
A00524,C0047,Mumbai BKC,290546.76,Dormant
A00525,C0434,Mumbai BKC,686192.78,Dormant
A00526,C0353,Delhi Connaught,606959.28,Dormant
A00527,C0718,Mumbai BKC,282235.93,Dormant
A00528,C0066,Bangalore Indiranagar,926764.19,Dormant
A00529,C0555,Chennai Main,382032.16,Active
A00530,C0062,Bangalore Indiranagar,822300.25,Dormant
A00531,C0958,Delhi Connaught,31788.33,Dormant
A00532,C0916,Delhi Connaught,157167.15,Dormant
A00533,C0071,Mumbai BKC,220645.86,Active
A00534,C0957,Hyderabad SecBad,747007.16,Active
A00535,C0484,Bangalore Indiranagar,796973.67,Dormant
A00536,C0033,Delhi Connaught,849617.97,Active
A00537,C0294,Chennai Main,295683.49,Active
A00538,C0419,Delhi Connaught,634411.62,Active
A00539,C0185,Bangalore Indiranagar,298758.45,Active
A00540,C0788,Chennai Main,887091.14,Dormant
A00541,C0139,Chennai Main,965400.03,Active
A00542,C0785,Mumbai BKC,867271.83,Active
A00543,C0657,Hyderabad SecBad,648292.67,Dormant
A00544,C0747,Chennai Main,957434.26,Dormant
A00545,C0662,Mumbai BKC,12139.06,Active
A00546,C0987,Hyderabad SecBad,874892.16,Dormant
A00547,C0431,Mumbai BKC,142232.49,Dormant
A00548,C0384,Delhi Connaught,42731.37,Active
A00549,C0913,Delhi Connaught,573145.88,Active
A00550,C0392,Hyderabad SecBad,394687.62,Active
A00551,C0460,Mumbai BKC,547977.92,Dormant
A00552,C0891,Bangalore Indiranagar,86041.73,Dormant
A00553,C0940,Mumbai BKC,210842.84,Active
A00554,C0929,Bangalore Indiranagar,741689.05,Dormant
A00555,C0387,Chennai Main,726211.41,Dormant
A00556,C0385,Chennai Main,212525.21,Dormant
A00557,C0083,Chennai Main,905722.4,Active
A00558,C0700,Mumbai BKC,851607.39,Active
A00559,C0988,Hyderabad SecBad,143312.66,Dormant
A00560,C0678,Bangalore Indiranagar,184808.73,Dormant
A00561,C0896,Mumbai BKC,617268.04,Dormant
A00562,C0553,Chennai Main,253489.04,Active
A00563,C0137,Delhi Connaught,115507.92,Active
A00564,C0670,Chennai Main,671306.93,Active
A00565,C0881,Hyderabad SecBad,567725.35,Dormant
A00566,C0357,Chennai Main,55333.92,Dormant
A00567,C0122,Hyderabad SecBad,751290.77,Dormant
A00568,C0183,Delhi Connaught,990086.35,Dormant
A00569,C0551,Bangalore Indiranagar,549302.26,Active
A00570,C0403,Chennai Main,645029.84,Active
A00571,C0542,Hyderabad SecBad,74071.43,Dormant
A00572,C0131,Bangalore Indiranagar,672013.56,Active
A00573,C0746,Delhi Connaught,251436.93,Dormant
A00574,C0229,Hyderabad SecBad,198220.17,Dormant
A00575,C0855,Delhi Connaught,581015.06,Dormant
A00576,C0004,Delhi Connaught,951588.37,Dormant
A00577,C0775,Mumbai BKC,357781.22,Active
A00578,C0024,Bangalore Indiranagar,671624.27,Dormant
A00579,C0306,Mumbai BKC,235298.32,Dormant
A00580,C0475,Delhi Connaught,285852.01,Active
A00581,C0690,Hyderabad SecBad,70739.08,Active
A00582,C0737,Chennai Main,194305.07,Dormant
A00583,C0558,Mumbai BKC,486375.37,Dormant
A00584,C0435,Chennai Main,329017.73,Active
A00585,C0545,Mumbai BKC,659762.83,Active
A00586,C0389,Bangalore Indiranagar,693764.67,Dormant
A00587,C0844,Chennai Main,153242.57,Active
A00588,C0236,Mumbai BKC,567295.03,Dormant
A00589,C0254,Delhi Connaught,807892.06,Dormant
A00590,C0472,Hyderabad SecBad,958700.26,Active
A00591,C0355,Delhi Connaught,169470.87,Dormant
A00592,C0159,Bangalore Indiranagar,313901.57,Active
A00593,C0283,Bangalore Indiranagar,785874.45,Active
A00594,C0194,Mumbai BKC,712486.93,Dormant
A00595,C0960,Delhi Connaught,641197.71,Dormant
A00596,C0897,Chennai Main,277403.16,Active
A00597,C0743,Mumbai BKC,360126.51,Dormant
A00598,C0784,Mumbai BKC,679900.6,Dormant
A00599,C0116,Delhi Connaught,332231.39,Active
A00600,C0033,Hyderabad SecBad,480474.02,Dormant
A00601,C0829,Bangalore Indiranagar,445912.62,Active
A00602,C0677,Chennai Main,774992.19,Dormant
A00603,C0430,Bangalore Indiranagar,487484.41,Dormant
A00604,C0630,Mumbai BKC,109723.8,Dormant
A00605,C0785,Hyderabad SecBad,645906.05,Active
A00606,C0959,Mumbai BKC,82891.72,Dormant
A00607,C0905,Hyderabad SecBad,281335.32,Active
A00608,C0911,Delhi Connaught,826617.23,Active
A00609,C0017,Bangalore Indiranagar,891405.74,Dormant
A00610,C0247,Mumbai BKC,197235.5,Active
A00611,C0212,Hyderabad SecBad,733811.07,Active
A00612,C0069,Hyderabad SecBad,626992.27,Active
A00613,C0104,Mumbai BKC,727697.94,Dormant
A00614,C0609,Bangalore Indiranagar,892213.08,Active
A00615,C0035,Delhi Connaught,849737.69,Dormant
A00616,C0458,Delhi Connaught,631994.87,Active
A00617,C0613,Chennai Main,812829.76,Active
A00618,C0689,Chennai Main,579321.89,Dormant
A00619,C0721,Chennai Main,769431.05,Dormant
A00620,C0894,Bangalore Indiranagar,213547.93,Dormant
A00621,C0050,Chennai Main,37619.65,Dormant
A00622,C0251,Chennai Main,261355.71,Active
A00623,C0759,Bangalore Indiranagar,894091.95,Active
A00624,C0046,Chennai Main,540137.44,Active
A00625,C0412,Delhi Connaught,654254.23,Active
A00626,C0450,Mumbai BKC,149484.35,Active
A00627,C0240,Delhi Connaught,393105.85,Dormant
A00628,C0553,Delhi Connaught,891546.11,Dormant
A00629,C0223,Hyderabad SecBad,590011.15,Active
A00630,C0773,Mumbai BKC,857306.99,Active
A00631,C0885,Delhi Connaught,134747.38,Dormant
A00632,C0795,Mumbai BKC,501622.05,Active
A00633,C0058,Delhi Connaught,91463.47,Active
A00634,C0144,Bangalore Indiranagar,364501.69,Dormant
A00635,C0516,Bangalore Indiranagar,11581.09,Dormant
A00636,C0297,Chennai Main,239641.92,Active
A00637,C0240,Bangalore Indiranagar,964036.27,Active
A00638,C0836,Mumbai BKC,981871.35,Dormant
A00639,C0939,Hyderabad SecBad,684477.5,Active
A00640,C0750,Chennai Main,757448.87,Dormant
A00641,C0590,Delhi Connaught,141230.32,Active
A00642,C0327,Bangalore Indiranagar,160063.2,Dormant
A00643,C0592,Chennai Main,566790.9,Active
A00644,C0613,Bangalore Indiranagar,566246.72,Active
A00645,C0792,Chennai Main,872322.96,Dormant
A00646,C0689,Mumbai BKC,147052.85,Dormant
A00647,C0839,Mumbai BKC,732272.47,Dormant
A00648,C0329,Delhi Connaught,939236.08,Dormant
A00649,C0243,Chennai Main,41379.41,Active
A00650,C0310,Hyderabad SecBad,761710.91,Dormant
A00651,C0898,Mumbai BKC,232518.16,Active
A00652,C0147,Delhi Connaught,265092.76,Active
A00653,C0677,Chennai Main,234784.65,Dormant
A00654,C0534,Delhi Connaught,668917.01,Active
A00655,C0227,Mumbai BKC,518367.34,Active
A00656,C0424,Delhi Connaught,791669,Active
A00657,C0308,Chennai Main,388705.02,Active
A00658,C0282,Bangalore Indiranagar,917984.04,Dormant
A00659,C0063,Hyderabad SecBad,881670.43,Dormant
A00660,C0571,Mumbai BKC,40864.79,Dormant
A00661,C0972,Chennai Main,648876.22,Active
A00662,C0606,Chennai Main,104121.79,Dormant
A00663,C0901,Delhi Connaught,968472.96,Active
A00664,C0753,Mumbai BKC,633933.41,Active
A00665,C0934,Bangalore Indiranagar,274221.82,Active
A00666,C0180,Bangalore Indiranagar,742167.8,Dormant
A00667,C0642,Hyderabad SecBad,579052.8,Dormant
A00668,C0696,Hyderabad SecBad,570589.99,Dormant
A00669,C0438,Delhi Connaught,377282.91,Active
A00670,C0570,Mumbai BKC,379140,Active
A00671,C0508,Bangalore Indiranagar,588091.15,Active
A00672,C0049,Mumbai BKC,898328.39,Dormant
A00673,C0996,Delhi Connaught,78759.63,Active
A00674,C0353,Mumbai BKC,252334.82,Active
A00675,C0965,Mumbai BKC,972701.43,Dormant
A00676,C0659,Mumbai BKC,223676.36,Active
A00677,C0688,Delhi Connaught,406436.36,Active
A00678,C0391,Delhi Connaught,817419.53,Dormant
A00679,C0805,Delhi Connaught,345687.29,Dormant
A00680,C0538,Bangalore Indiranagar,792864.8,Active
A00681,C0327,Chennai Main,887284.77,Dormant
A00682,C0714,Mumbai BKC,7591.09,Dormant
A00683,C0427,Hyderabad SecBad,882152.21,Dormant
A00684,C0419,Hyderabad SecBad,440458.8,Dormant
A00685,C0153,Chennai Main,230760.78,Active
A00686,C0308,Mumbai BKC,515026.73,Active
A00687,C0386,Mumbai BKC,281528.7,Dormant
A00688,C0189,Mumbai BKC,151090.17,Active
A00689,C0773,Delhi Connaught,158200,Active
A00690,C0551,Bangalore Indiranagar,602418.26,Dormant
A00691,C0485,Delhi Connaught,817138.12,Active
A00692,C0247,Mumbai BKC,661448.53,Dormant
A00693,C0870,Chennai Main,415199.07,Dormant
A00694,C0231,Mumbai BKC,330894.54,Dormant
A00695,C0308,Mumbai BKC,114225.36,Dormant
A00696,C0879,Bangalore Indiranagar,675554.2,Active
A00697,C0725,Mumbai BKC,479542.14,Active
A00698,C0148,Delhi Connaught,591200.11,Active
A00699,C0826,Hyderabad SecBad,647611.97,Dormant
A00700,C0475,Bangalore Indiranagar,411488.31,Dormant
A00701,C0937,Bangalore Indiranagar,244426.64,Dormant
A00702,C0060,Bangalore Indiranagar,128757.23,Active
A00703,C0576,Mumbai BKC,592755.31,Dormant
A00704,C0423,Bangalore Indiranagar,135589.32,Dormant
A00705,C0992,Bangalore Indiranagar,513130.17,Dormant
A00706,C0427,Delhi Connaught,890906.87,Dormant
A00707,C0571,Chennai Main,147718.23,Active
A00708,C0543,Delhi Connaught,167175.02,Active
A00709,C0138,Delhi Connaught,922524.42,Dormant
A00710,C0398,Chennai Main,517124.05,Active
A00711,C0249,Chennai Main,406050.86,Dormant
A00712,C0262,Bangalore Indiranagar,969274.44,Dormant
A00713,C0209,Delhi Connaught,637985.08,Dormant
A00714,C0339,Mumbai BKC,878630.47,Active
A00715,C0663,Hyderabad SecBad,728246.34,Dormant
A00716,C0081,Hyderabad SecBad,821482.01,Dormant
A00717,C0945,Hyderabad SecBad,947306.61,Active
A00718,C0461,Delhi Connaught,217376.82,Active
A00719,C0868,Chennai Main,606919.37,Dormant
A00720,C0380,Bangalore Indiranagar,471942.04,Active
A00721,C0095,Bangalore Indiranagar,482186.73,Dormant
A00722,C0549,Hyderabad SecBad,220144.45,Active
A00723,C0742,Bangalore Indiranagar,411356.09,Dormant
A00724,C0850,Mumbai BKC,143569.42,Dormant
A00725,C0196,Mumbai BKC,583063.49,Dormant
A00726,C0053,Chennai Main,767722.62,Dormant
A00727,C0275,Bangalore Indiranagar,623588.53,Active
A00728,C0387,Delhi Connaught,511294.1,Active
A00729,C0690,Bangalore Indiranagar,168553.98,Active
A00730,C0620,Delhi Connaught,685905.57,Dormant
A00731,C0618,Hyderabad SecBad,922429.59,Dormant
A00732,C0041,Delhi Connaught,596936.83,Active
A00733,C0895,Hyderabad SecBad,69774.05,Dormant
A00734,C0075,Mumbai BKC,378833.14,Active
A00735,C0193,Bangalore Indiranagar,133080.99,Dormant
A00736,C0824,Chennai Main,17546.06,Dormant
A00737,C0780,Bangalore Indiranagar,523188.63,Dormant
A00738,C0602,Hyderabad SecBad,909429.88,Active
A00739,C0742,Bangalore Indiranagar,684683.46,Active
A00740,C0688,Chennai Main,826687.67,Active
A00741,C0573,Hyderabad SecBad,605905.51,Dormant
A00742,C0223,Hyderabad SecBad,178244.76,Active
A00743,C0491,Chennai Main,901706.61,Dormant
A00744,C0214,Bangalore Indiranagar,600213.98,Dormant
A00745,C0891,Chennai Main,877874.89,Active
A00746,C0929,Delhi Connaught,531898.52,Dormant
A00747,C0341,Mumbai BKC,752630.77,Active
A00748,C0311,Chennai Main,94096.78,Dormant
A00749,C0980,Hyderabad SecBad,659733.22,Dormant
A00750,C0931,Delhi Connaught,902082.77,Active
A00751,C0016,Mumbai BKC,539746.7,Active
A00752,C0217,Chennai Main,2199.01,Dormant
A00753,C0960,Mumbai BKC,937797.11,Dormant
A00754,C0195,Bangalore Indiranagar,678880.8,Dormant
A00755,C0986,Hyderabad SecBad,432065.33,Active
A00756,C0760,Chennai Main,421263.34,Active
A00757,C0121,Hyderabad SecBad,874949.48,Active
A00758,C0765,Delhi Connaught,697945.16,Active
A00759,C0773,Delhi Connaught,429527.31,Active
A00760,C0491,Mumbai BKC,938483.21,Active
A00761,C0937,Delhi Connaught,482641.32,Active
A00762,C0249,Delhi Connaught,768903,Dormant
A00763,C0713,Chennai Main,351167.3,Dormant
A00764,C0619,Hyderabad SecBad,804816.42,Dormant
A00765,C0721,Mumbai BKC,907951.02,Dormant
A00766,C0210,Delhi Connaught,837353.32,Active
A00767,C0407,Hyderabad SecBad,576544.7,Active
A00768,C0938,Bangalore Indiranagar,426063.91,Dormant
A00769,C0246,Chennai Main,255263.51,Dormant
A00770,C0566,Delhi Connaught,766093.03,Dormant
A00771,C0330,Delhi Connaught,910175.27,Dormant
A00772,C0795,Delhi Connaught,84733.76,Dormant
A00773,C0290,Hyderabad SecBad,598694.06,Active
A00774,C0390,Chennai Main,544187.29,Active
A00775,C0478,Chennai Main,258547.17,Dormant
A00776,C0547,Hyderabad SecBad,6463.98,Active
A00777,C0665,Mumbai BKC,743902.04,Dormant
A00778,C0368,Chennai Main,8106.97,Active
A00779,C0316,Hyderabad SecBad,523018.09,Dormant
A00780,C0268,Hyderabad SecBad,520242.08,Active
A00781,C0369,Delhi Connaught,375654.85,Active
A00782,C0526,Hyderabad SecBad,206213.28,Dormant
A00783,C0904,Delhi Connaught,804482.87,Active
A00784,C0510,Bangalore Indiranagar,409436.23,Dormant
A00785,C0478,Hyderabad SecBad,107476.63,Active
A00786,C0101,Chennai Main,426645.52,Active
A00787,C0823,Delhi Connaught,585784.81,Dormant
A00788,C0740,Bangalore Indiranagar,262041.59,Dormant
A00789,C0481,Mumbai BKC,536568.79,Dormant
A00790,C0780,Mumbai BKC,565105.57,Dormant
A00791,C0860,Mumbai BKC,612268.8,Dormant
A00792,C0328,Delhi Connaught,991806.88,Dormant
A00793,C0937,Hyderabad SecBad,398056.69,Dormant
A00794,C0209,Delhi Connaught,204489.97,Active
A00795,C0380,Mumbai BKC,552552.84,Active
A00796,C0321,Hyderabad SecBad,558005.11,Dormant
A00797,C0424,Bangalore Indiranagar,179540.88,Active
A00798,C0047,Mumbai BKC,559534.74,Active
A00799,C0577,Chennai Main,484276.4,Dormant
A00800,C0885,Hyderabad SecBad,988519.76,Dormant
A00801,C0227,Delhi Connaught,578073.5,Dormant
A00802,C0760,Delhi Connaught,774420.29,Active
A00803,C0150,Chennai Main,398731.62,Dormant
A00804,C0017,Delhi Connaught,138930.45,Active
A00805,C0268,Chennai Main,863966.7,Active
A00806,C0567,Mumbai BKC,119966.68,Active
A00807,C0958,Mumbai BKC,230541.53,Active
A00808,C0599,Delhi Connaught,783326.15,Active
A00809,C0594,Hyderabad SecBad,949295.93,Active
A00810,C0738,Delhi Connaught,101178.34,Dormant
A00811,C0428,Mumbai BKC,508835.2,Dormant
A00812,C0303,Hyderabad SecBad,786295.04,Active
A00813,C0157,Chennai Main,801052.88,Active
A00814,C0201,Mumbai BKC,614411.34,Active
A00815,C0338,Chennai Main,684879.88,Dormant
A00816,C0236,Bangalore Indiranagar,53000.74,Dormant
A00817,C0389,Hyderabad SecBad,389714.58,Dormant
A00818,C0584,Mumbai BKC,636240.74,Active
A00819,C0854,Chennai Main,804564.99,Dormant
A00820,C0252,Chennai Main,823432.21,Dormant
A00821,C0512,Chennai Main,472196.99,Dormant
A00822,C0564,Delhi Connaught,600645.2,Dormant
A00823,C0671,Delhi Connaught,89052.55,Dormant
A00824,C0967,Bangalore Indiranagar,263828.91,Active
A00825,C0702,Bangalore Indiranagar,371464.29,Active
A00826,C0346,Chennai Main,609419.83,Dormant
A00827,C0264,Delhi Connaught,724770.22,Active
A00828,C0782,Hyderabad SecBad,930754.31,Dormant
A00829,C0842,Hyderabad SecBad,401244.21,Active
A00830,C0501,Chennai Main,656519.05,Dormant
A00831,C0990,Delhi Connaught,287182.76,Dormant
A00832,C0741,Hyderabad SecBad,963566.29,Dormant
A00833,C0658,Delhi Connaught,58405.57,Active
A00834,C0758,Bangalore Indiranagar,773834.84,Active
A00835,C0503,Chennai Main,176095.86,Dormant
A00836,C0472,Chennai Main,494874.01,Dormant
A00837,C0173,Delhi Connaught,11699.69,Active
A00838,C0751,Delhi Connaught,850717.07,Dormant
A00839,C0815,Mumbai BKC,930827.71,Active
A00840,C0361,Hyderabad SecBad,518635.13,Active
A00841,C0174,Bangalore Indiranagar,195551.75,Dormant
A00842,C0144,Hyderabad SecBad,784175.49,Dormant
A00843,C0738,Mumbai BKC,511037.3,Active
A00844,C0560,Delhi Connaught,698751.28,Active
A00845,C0501,Hyderabad SecBad,615574.8,Active
A00846,C0189,Chennai Main,674350.36,Dormant
A00847,C0939,Hyderabad SecBad,360380.26,Active
A00848,C0911,Delhi Connaught,655364.1,Dormant
A00849,C0556,Hyderabad SecBad,975670.26,Active
A00850,C0658,Mumbai BKC,87755.97,Dormant
A00851,C0981,Bangalore Indiranagar,276660.93,Active
A00852,C0061,Delhi Connaught,400034.26,Dormant
A00853,C0537,Chennai Main,669992.38,Dormant
A00854,C0035,Mumbai BKC,406045.52,Dormant
A00855,C0860,Delhi Connaught,201110.07,Dormant
A00856,C0868,Chennai Main,16351.16,Dormant
A00857,C0077,Chennai Main,703918.3,Dormant
A00858,C0968,Delhi Connaught,919258.24,Dormant
A00859,C0838,Mumbai BKC,550043.06,Dormant
A00860,C0685,Chennai Main,726412.57,Active
A00861,C0050,Bangalore Indiranagar,559554.75,Active
A00862,C0783,Mumbai BKC,583349.48,Dormant
A00863,C0007,Chennai Main,348127.61,Dormant
A00864,C0423,Delhi Connaught,815699.36,Active
A00865,C0141,Delhi Connaught,227069.22,Dormant
A00866,C0863,Mumbai BKC,963094.08,Active
A00867,C0646,Chennai Main,455304.25,Active
A00868,C0237,Chennai Main,404552.51,Dormant
A00869,C0070,Mumbai BKC,5646.8,Active
A00870,C0725,Mumbai BKC,175859.75,Dormant
A00871,C0155,Mumbai BKC,506731.86,Dormant
A00872,C0010,Bangalore Indiranagar,559072.08,Active
A00873,C0224,Bangalore Indiranagar,503666,Active
A00874,C0518,Bangalore Indiranagar,340625.93,Active
A00875,C0467,Delhi Connaught,117891.99,Dormant
A00876,C0383,Bangalore Indiranagar,513773.4,Dormant
A00877,C0062,Bangalore Indiranagar,258435.69,Active
A00878,C0633,Bangalore Indiranagar,538365.49,Dormant
A00879,C0654,Chennai Main,793595.87,Dormant
A00880,C0683,Hyderabad SecBad,250891.35,Dormant
A00881,C0957,Bangalore Indiranagar,443325.87,Active
A00882,C0632,Mumbai BKC,377703.2,Active
A00883,C0935,Bangalore Indiranagar,484146.27,Active
A00884,C0495,Hyderabad SecBad,244029.98,Active
A00885,C0676,Delhi Connaught,340321.1,Dormant
A00886,C0500,Delhi Connaught,775823.21,Dormant
A00887,C0017,Bangalore Indiranagar,681913.08,Active
A00888,C0007,Mumbai BKC,896627.3,Dormant
A00889,C0545,Mumbai BKC,862161.26,Active
A00890,C0565,Chennai Main,482488.19,Dormant
A00891,C0422,Mumbai BKC,258561.95,Active
A00892,C0013,Chennai Main,383290.57,Active
A00893,C0018,Chennai Main,788867.36,Dormant
A00894,C0543,Mumbai BKC,221161.94,Active
A00895,C0740,Mumbai BKC,701474.93,Active
A00896,C0282,Chennai Main,800361.23,Active
A00897,C0549,Delhi Connaught,413013.55,Dormant
A00898,C0294,Bangalore Indiranagar,353743.17,Dormant
A00899,C0018,Delhi Connaught,536116.26,Dormant
A00900,C0515,Mumbai BKC,701117.73,Active
A00901,C0833,Hyderabad SecBad,264086.34,Dormant
A00902,C0715,Mumbai BKC,288002.29,Active
A00903,C0691,Chennai Main,399531.71,Active
A00904,C0441,Hyderabad SecBad,749039.34,Dormant
A00905,C0826,Hyderabad SecBad,342650.89,Active
A00906,C0963,Bangalore Indiranagar,554996.95,Dormant
A00907,C0932,Mumbai BKC,179307.26,Active
A00908,C0184,Bangalore Indiranagar,314558.91,Active
A00909,C0110,Delhi Connaught,219347.57,Active
A00910,C0941,Hyderabad SecBad,574138.91,Dormant
A00911,C0099,Bangalore Indiranagar,183601.67,Dormant
A00912,C0537,Delhi Connaught,746410.1,Dormant
A00913,C0153,Mumbai BKC,930325.01,Dormant
A00914,C0247,Mumbai BKC,190977.33,Dormant
A00915,C0197,Chennai Main,737375.14,Active
A00916,C0635,Delhi Connaught,235626.51,Dormant
A00917,C0540,Delhi Connaught,242814.46,Dormant
A00918,C0259,Bangalore Indiranagar,266139.97,Dormant
A00919,C0835,Hyderabad SecBad,229978.32,Dormant
A00920,C0363,Hyderabad SecBad,835105.54,Active
A00921,C0274,Chennai Main,836498.38,Dormant
A00922,C0815,Chennai Main,356671.35,Active
A00923,C0407,Chennai Main,779159.54,Dormant
A00924,C0081,Delhi Connaught,120758.61,Dormant
A00925,C0383,Mumbai BKC,79409.09,Dormant
A00926,C0983,Mumbai BKC,955823.9,Dormant
A00927,C0416,Bangalore Indiranagar,493172.2,Active
A00928,C0471,Hyderabad SecBad,7617.05,Active
A00929,C0579,Hyderabad SecBad,857232.25,Dormant
A00930,C0250,Bangalore Indiranagar,958035.1,Dormant
A00931,C0714,Delhi Connaught,848162.59,Dormant
A00932,C0232,Mumbai BKC,371825.34,Dormant
A00933,C0308,Chennai Main,316101.49,Dormant
A00934,C0701,Mumbai BKC,898223.08,Dormant
A00935,C0848,Bangalore Indiranagar,881106.26,Active
A00936,C0869,Mumbai BKC,574944.86,Dormant
A00937,C0083,Chennai Main,275458.3,Dormant
A00938,C0670,Hyderabad SecBad,183688.99,Dormant
A00939,C0879,Bangalore Indiranagar,764498.06,Active
A00940,C0666,Delhi Connaught,511622.5,Active
A00941,C0778,Mumbai BKC,398481.62,Dormant
A00942,C0033,Mumbai BKC,750419.22,Active
A00943,C0096,Delhi Connaught,129117.7,Dormant
A00944,C0416,Delhi Connaught,526209.71,Active
A00945,C0389,Chennai Main,423752.69,Active
A00946,C0387,Mumbai BKC,939714.77,Active
A00947,C0566,Bangalore Indiranagar,33530.08,Active
A00948,C0488,Mumbai BKC,347941.67,Dormant
A00949,C0058,Chennai Main,860539.73,Active
A00950,C0653,Bangalore Indiranagar,776128.06,Active
A00951,C0010,Bangalore Indiranagar,457738.84,Dormant
A00952,C0720,Bangalore Indiranagar,121247.81,Dormant
A00953,C0176,Chennai Main,518686.93,Active
A00954,C0085,Mumbai BKC,316335.61,Dormant
A00955,C0512,Hyderabad SecBad,9410.19,Dormant
A00956,C0866,Bangalore Indiranagar,674428.96,Active
A00957,C0445,Delhi Connaught,380048.58,Active
A00958,C0661,Chennai Main,101647.08,Active
A00959,C0804,Bangalore Indiranagar,362240.72,Active
A00960,C0340,Chennai Main,861980.18,Active
A00961,C0580,Delhi Connaught,187965.29,Active
A00962,C0879,Bangalore Indiranagar,263586.19,Active
A00963,C0998,Mumbai BKC,270138.82,Active
A00964,C0098,Chennai Main,958568.29,Active
A00965,C0917,Bangalore Indiranagar,343753.36,Active
A00966,C0541,Bangalore Indiranagar,184729.76,Dormant
A00967,C0942,Chennai Main,424518.94,Active
A00968,C0044,Delhi Connaught,419673.85,Active
A00969,C0236,Chennai Main,752443.57,Active
A00970,C0217,Hyderabad SecBad,365712.91,Dormant
A00971,C0923,Mumbai BKC,401192,Dormant
A00972,C0889,Delhi Connaught,451278.26,Dormant
A00973,C0709,Mumbai BKC,571838.31,Active
A00974,C0909,Mumbai BKC,979293.18,Dormant
A00975,C0581,Chennai Main,686325.9,Dormant
A00976,C0487,Hyderabad SecBad,814376.47,Dormant
A00977,C0278,Bangalore Indiranagar,721094.64,Dormant
A00978,C0048,Hyderabad SecBad,804283.49,Dormant
A00979,C0947,Delhi Connaught,555784.71,Active
A00980,C0077,Hyderabad SecBad,856452.43,Active
A00981,C0701,Mumbai BKC,196867.15,Dormant
A00982,C0948,Bangalore Indiranagar,800237.42,Active
A00983,C0288,Hyderabad SecBad,738803.47,Dormant
A00984,C0921,Bangalore Indiranagar,473514.04,Dormant
A00985,C0557,Hyderabad SecBad,10732.55,Dormant
A00986,C0578,Bangalore Indiranagar,422099.15,Active
A00987,C0674,Hyderabad SecBad,135337.21,Dormant
A00988,C0034,Delhi Connaught,893377.14,Dormant
A00989,C0184,Bangalore Indiranagar,631021.33,Active
A00990,C0952,Chennai Main,534448.61,Dormant
A00991,C0871,Mumbai BKC,316411.52,Active
A00992,C0323,Bangalore Indiranagar,487133.58,Dormant
A00993,C0017,Mumbai BKC,251723.06,Active
A00994,C0985,Hyderabad SecBad,858643.48,Dormant
A00995,C0213,Hyderabad SecBad,48661.59,Active
A00996,C0602,Hyderabad SecBad,99875.82,Dormant
A00997,C0148,Hyderabad SecBad,164178.54,Active
A00998,C0771,Hyderabad SecBad,216251.86,Active
A00999,C0841,Delhi Connaught,255035.39,Dormant
A01000,C0730,Mumbai BKC,839132.74,Active
A01001,C0841,Bangalore Indiranagar,97205.58,Active
A01002,C0408,Delhi Connaught,744848.63,Dormant
A01003,C0952,Delhi Connaught,260509.35,Dormant
A01004,C0079,Delhi Connaught,360946.27,Active
A01005,C0307,Delhi Connaught,557934,Active
A01006,C0167,Delhi Connaught,810205.87,Active
A01007,C0578,Mumbai BKC,344796.14,Active
A01008,C0247,Bangalore Indiranagar,412349.14,Dormant
A01009,C0581,Mumbai BKC,351739.4,Dormant
A01010,C0855,Bangalore Indiranagar,679906.27,Active
A01011,C0870,Delhi Connaught,605970.46,Dormant
A01012,C0399,Delhi Connaught,577276.9,Active
A01013,C0694,Hyderabad SecBad,650215.62,Active
A01014,C0919,Chennai Main,538899.82,Active
A01015,C0554,Chennai Main,979393.76,Dormant
A01016,C0340,Mumbai BKC,285324.12,Dormant
A01017,C0394,Mumbai BKC,325765.2,Active
A01018,C0774,Bangalore Indiranagar,510934.08,Dormant
A01019,C0758,Hyderabad SecBad,774969.62,Dormant
A01020,C0144,Bangalore Indiranagar,447483.19,Active
A01021,C0810,Hyderabad SecBad,79329.11,Dormant
A01022,C0706,Chennai Main,614050.11,Dormant
A01023,C0742,Chennai Main,464288.33,Dormant
A01024,C0081,Hyderabad SecBad,956637.84,Dormant
A01025,C0513,Bangalore Indiranagar,868389.39,Active
A01026,C0764,Mumbai BKC,640940.07,Active
A01027,C0998,Hyderabad SecBad,928638.1,Active
A01028,C0355,Hyderabad SecBad,422394.67,Dormant
A01029,C0055,Hyderabad SecBad,612697.83,Dormant
A01030,C0101,Bangalore Indiranagar,405367.95,Active
A01031,C0448,Mumbai BKC,907165.98,Dormant
A01032,C0238,Bangalore Indiranagar,80032.82,Dormant
A01033,C0859,Delhi Connaught,344281.86,Dormant
A01034,C0078,Delhi Connaught,314168.58,Dormant
A01035,C0349,Hyderabad SecBad,653360.08,Active
A01036,C0620,Hyderabad SecBad,710723.05,Active
A01037,C0788,Hyderabad SecBad,605779.59,Dormant
A01038,C0629,Mumbai BKC,396059.87,Dormant
A01039,C0978,Mumbai BKC,887804.11,Active
A01040,C0610,Hyderabad SecBad,781193.06,Dormant
A01041,C0407,Mumbai BKC,938831.07,Dormant
A01042,C0993,Chennai Main,748147.6,Active
A01043,C0793,Hyderabad SecBad,521414.76,Active
A01044,C0335,Chennai Main,450838.37,Active
A01045,C0031,Bangalore Indiranagar,168150.79,Dormant
A01046,C0650,Chennai Main,854357.63,Active
A01047,C0280,Bangalore Indiranagar,125914.87,Dormant
A01048,C0803,Bangalore Indiranagar,235392.56,Dormant
A01049,C0462,Hyderabad SecBad,252395.36,Active
A01050,C0503,Hyderabad SecBad,744131.47,Dormant
A01051,C0234,Bangalore Indiranagar,749990,Dormant
A01052,C0365,Mumbai BKC,211360.92,Active
A01053,C0567,Delhi Connaught,397648.54,Dormant
A01054,C0964,Chennai Main,96458.17,Active
A01055,C0385,Bangalore Indiranagar,936856.87,Active
A01056,C0443,Delhi Connaught,473712.61,Active
A01057,C0191,Hyderabad SecBad,54771.61,Active
A01058,C0697,Hyderabad SecBad,771162.77,Active
A01059,C0600,Bangalore Indiranagar,524458.81,Active
A01060,C0677,Mumbai BKC,996017.72,Dormant
A01061,C0390,Bangalore Indiranagar,104824.48,Dormant
A01062,C0088,Chennai Main,618484.07,Active
A01063,C0791,Delhi Connaught,85226.96,Dormant
A01064,C0634,Mumbai BKC,931657.99,Dormant
A01065,C0303,Bangalore Indiranagar,390456.36,Dormant
A01066,C0818,Chennai Main,230126.6,Active
A01067,C0253,Chennai Main,737855.64,Active
A01068,C0731,Mumbai BKC,443717.27,Dormant
A01069,C0076,Chennai Main,127285.3,Active
A01070,C0085,Chennai Main,527215.6,Dormant
A01071,C0275,Chennai Main,171437.38,Active
A01072,C0158,Chennai Main,36119.83,Dormant
A01073,C0390,Bangalore Indiranagar,357484.4,Active
A01074,C0729,Mumbai BKC,915357.11,Active
A01075,C0803,Delhi Connaught,864376.9,Dormant
A01076,C0650,Delhi Connaught,467726.28,Active
A01077,C0158,Chennai Main,871027.37,Active
A01078,C0758,Bangalore Indiranagar,934922.71,Active
A01079,C0399,Chennai Main,548996.73,Active
A01080,C0325,Chennai Main,135979.79,Active
A01081,C0370,Bangalore Indiranagar,948537.65,Dormant
A01082,C0110,Hyderabad SecBad,539748.28,Active
A01083,C0094,Mumbai BKC,591240.1,Dormant
A01084,C0006,Delhi Connaught,457086.88,Active
A01085,C0966,Bangalore Indiranagar,749162.69,Active
A01086,C0316,Delhi Connaught,877416.42,Active
A01087,C0456,Bangalore Indiranagar,435542.39,Active
A01088,C0369,Bangalore Indiranagar,640146.72,Active
A01089,C0780,Hyderabad SecBad,534250.35,Active
A01090,C0277,Chennai Main,909014.23,Dormant
A01091,C0105,Mumbai BKC,482170.03,Active
A01092,C0136,Hyderabad SecBad,227901.32,Dormant
A01093,C0090,Delhi Connaught,90464.47,Active
A01094,C0192,Mumbai BKC,308560.32,Active
A01095,C0442,Chennai Main,412791.6,Active
A01096,C0460,Hyderabad SecBad,156561.82,Active
A01097,C0571,Bangalore Indiranagar,11545.26,Dormant
A01098,C0569,Delhi Connaught,523792.92,Active
A01099,C0525,Hyderabad SecBad,758535.16,Active
A01100,C0418,Hyderabad SecBad,137164.15,Active
A01101,C0106,Mumbai BKC,287475.49,Dormant
A01102,C0027,Delhi Connaught,535563.79,Dormant
A01103,C0092,Delhi Connaught,688082.19,Dormant
A01104,C0363,Delhi Connaught,492439.72,Dormant
A01105,C0568,Mumbai BKC,755717.23,Active
A01106,C0096,Delhi Connaught,300310.91,Active
A01107,C0612,Mumbai BKC,766103.33,Dormant
A01108,C0613,Bangalore Indiranagar,798166.81,Active
A01109,C0804,Mumbai BKC,597406.75,Active
A01110,C0333,Chennai Main,796970.62,Active
A01111,C0885,Delhi Connaught,548663.98,Dormant
A01112,C0395,Chennai Main,189382.41,Active
A01113,C0013,Chennai Main,882279.91,Active
A01114,C0299,Bangalore Indiranagar,437669.26,Dormant
A01115,C0424,Hyderabad SecBad,250646.22,Active
A01116,C0398,Bangalore Indiranagar,715223.05,Dormant
A01117,C0798,Mumbai BKC,646344.81,Active
A01118,C0087,Mumbai BKC,828598.43,Dormant
A01119,C0743,Delhi Connaught,221371.83,Active
A01120,C0923,Chennai Main,80130.52,Dormant
A01121,C0573,Bangalore Indiranagar,625697.69,Active
A01122,C0927,Hyderabad SecBad,517093.45,Active
A01123,C0249,Bangalore Indiranagar,800159.11,Active
A01124,C0586,Delhi Connaught,613603,Active
A01125,C0534,Bangalore Indiranagar,694230.63,Dormant
A01126,C0174,Hyderabad SecBad,272593.25,Active
A01127,C0702,Hyderabad SecBad,648808.58,Active
A01128,C0390,Chennai Main,532412.32,Dormant
A01129,C0174,Chennai Main,269553.2,Active
A01130,C0143,Delhi Connaught,188812.63,Active
A01131,C0276,Chennai Main,69395.49,Active
A01132,C0309,Mumbai BKC,137487.41,Active
A01133,C0275,Chennai Main,111245.99,Active
A01134,C0505,Mumbai BKC,455887.67,Dormant
A01135,C0150,Bangalore Indiranagar,453314.47,Dormant
A01136,C0065,Mumbai BKC,700772.13,Dormant
A01137,C0172,Delhi Connaught,492504.02,Active
A01138,C0446,Hyderabad SecBad,321323.08,Active
A01139,C0283,Delhi Connaught,152997.16,Active
A01140,C0432,Delhi Connaught,969746.5,Dormant
A01141,C0307,Delhi Connaught,23108.75,Dormant
A01142,C0496,Delhi Connaught,972360.27,Dormant
A01143,C0802,Chennai Main,282832.42,Active
A01144,C0079,Bangalore Indiranagar,125914.16,Active
A01145,C0370,Hyderabad SecBad,438978.22,Active
A01146,C0258,Mumbai BKC,9195.89,Active
A01147,C0967,Mumbai BKC,91106.79,Dormant
A01148,C0253,Bangalore Indiranagar,15710.12,Active
A01149,C0739,Delhi Connaught,217970.9,Dormant
A01150,C0641,Delhi Connaught,420822.78,Dormant
A01151,C0508,Hyderabad SecBad,785939.61,Dormant
A01152,C0609,Mumbai BKC,498897.36,Active
A01153,C0632,Delhi Connaught,372025.68,Active
A01154,C0201,Chennai Main,697237.87,Active
A01155,C0469,Hyderabad SecBad,32705.38,Active
A01156,C0110,Chennai Main,81142.87,Active
A01157,C0139,Chennai Main,750819.01,Dormant
A01158,C0312,Bangalore Indiranagar,146941.74,Active
A01159,C0007,Bangalore Indiranagar,267237.07,Dormant
A01160,C0972,Chennai Main,393029.35,Active
A01161,C0406,Bangalore Indiranagar,543648.76,Dormant
A01162,C0341,Chennai Main,182422.13,Active
A01163,C0862,Delhi Connaught,895803.28,Active
A01164,C0636,Bangalore Indiranagar,250829.39,Active
A01165,C0390,Chennai Main,382195.83,Active
A01166,C0824,Hyderabad SecBad,13602.87,Dormant
A01167,C0883,Hyderabad SecBad,974623.9,Dormant
A01168,C0338,Bangalore Indiranagar,714967.84,Active
A01169,C0451,Hyderabad SecBad,385413.1,Active
A01170,C0343,Mumbai BKC,974997.24,Active
A01171,C0441,Mumbai BKC,247915.03,Active
A01172,C0836,Hyderabad SecBad,994540.87,Dormant
A01173,C0844,Chennai Main,199980.7,Dormant
A01174,C0881,Hyderabad SecBad,735587.46,Active
A01175,C0667,Hyderabad SecBad,94866.34,Dormant
A01176,C0998,Hyderabad SecBad,666341.88,Dormant
A01177,C0609,Chennai Main,209238.68,Dormant
A01178,C0140,Chennai Main,389733.84,Dormant
A01179,C0308,Mumbai BKC,961252.68,Active
A01180,C0329,Bangalore Indiranagar,936279.03,Active
A01181,C0618,Mumbai BKC,159452.82,Active
A01182,C0971,Chennai Main,728508.84,Active
A01183,C0712,Chennai Main,744979.85,Active
A01184,C0206,Chennai Main,550030.36,Active
A01185,C0491,Chennai Main,123019.37,Dormant
A01186,C0322,Chennai Main,481748.36,Active
A01187,C0182,Chennai Main,299514.27,Active
A01188,C0988,Delhi Connaught,361066.23,Active
A01189,C0408,Delhi Connaught,53035.43,Dormant
A01190,C0992,Hyderabad SecBad,667028.09,Dormant
A01191,C0327,Delhi Connaught,973300.79,Dormant
A01192,C0299,Mumbai BKC,236729.87,Active
A01193,C0753,Hyderabad SecBad,434727.49,Dormant
A01194,C0712,Bangalore Indiranagar,16052.64,Active
A01195,C0649,Chennai Main,794596.01,Active
A01196,C0503,Delhi Connaught,585112.16,Dormant
A01197,C0991,Mumbai BKC,396412.49,Active
A01198,C0590,Bangalore Indiranagar,243846.24,Active
A01199,C0801,Chennai Main,968866.09,Active
A01200,C0249,Chennai Main,581495.95,Dormant
